{"cameraMode":{"drawMode":0,"name":"Shaded","section":"Shading Mode"},"sceneLighting":true,"audioPlay":false,"sceneViewState":{"showFog":true,"showMaterialUpdate":false,"showSkybox":false,"showFlares":true,"showImageEffects":true,"showParticleSystems":true},"in2DMode":false,"pivot":{"x":94.69921875,"y":-243.627197265625,"z":1708.82861328125},"rotation":{"x":-0.17839853465557099,"y":-0.43991512060165408,"z":0.08963418006896973,"w":-0.8755708932876587},"size":1940.202880859375,"orthographic":false}