{"cameraMode":{"drawMode":0,"name":"Shaded","section":"Shading Mode"},"sceneLighting":false,"audioPlay":false,"sceneViewState":{"showFog":true,"showMaterialUpdate":false,"showSkybox":false,"showFlares":true,"showImageEffects":true,"showParticleSystems":true},"in2DMode":false,"pivot":{"x":-0.08037418127059937,"y":0.7393237352371216,"z":-0.4514352083206177},"rotation":{"x":-0.0979093611240387,"y":0.4465409219264984,"z":-0.04923323169350624,"w":-0.8880452513694763},"size":2.5224318504333498,"orthographic":false}