{"cameraMode":{"drawMode":0,"name":"Shaded","section":"Shading Mode"},"sceneLighting":true,"audioPlay":false,"sceneViewState":{"showFog":true,"showMaterialUpdate":false,"showSkybox":false,"showFlares":true,"showImageEffects":true,"showParticleSystems":true},"in2DMode":false,"pivot":{"x":879.2032470703125,"y":-201.341552734375,"z":213.32420349121095},"rotation":{"x":-0.10110047459602356,"y":-0.7732543349266052,"z":0.12757080793380738,"w":-0.6128727793693543},"size":1673.551025390625,"orthographic":false}