{"cameraMode":{"drawMode":0,"name":"Shaded","section":"Shading Mode"},"sceneLighting":true,"audioPlay":false,"sceneViewState":{"showFog":true,"showMaterialUpdate":false,"showSkybox":false,"showFlares":true,"showImageEffects":true,"showParticleSystems":true},"in2DMode":false,"pivot":{"x":-19.787673950195314,"y":-14.056365966796875,"z":102.52056884765625},"rotation":{"x":-0.204617440700531,"y":0.7386914491653442,"z":-0.2567359209060669,"w":-0.5887097120285034},"size":308.89093017578127,"orthographic":false}